"","scientific_name","Family1","Order1","Beak.Length_Culmen","Beak.Length_Nares","Beak.Width","Beak.Depth","Tarsus.Length","Wing.Length","Kipps.Distance","Secondary1","Hand.Wing.Index","Tail.Length","Mass","Inference","Habitat","Habitat.Density","Migration","Trophic.Level","Trophic.Niche","Primary.Lifestyle","Range.Size","common_name"
"1","Accipiter badius","Accipitridae","Accipitriformes",20.6,12.1,8.8,11.6,43,186.7,62.5,127.4,32.9,140.6,131.2,"NO","Shrubland",2,3,"Carnivore","Vertivore","Insessorial",22374973,"Shikra"
"2","Accipiter nisus","Accipitridae","Accipitriformes",19.6,11.4,8.4,10,53.6,207.4,74.2,134.3,35.5,155.5,220.8,"NO","Forest",1,2,"Carnivore","Vertivore","Insessorial",23601609.31,"Eurasian Sparrowhawk"
"3","Butastur teesa","Accipitridae","Accipitriformes",30.6,18,10.7,13.8,60.4,295.4,132,165,44.5,191,325,"NO","Woodland",3,1,"Carnivore","Vertivore","Insessorial",3969936.2,"White-eyed Buzzard"
"4","Circaetus gallicus","Accipitridae","Accipitriformes",47,35,15.5,24.6,90.9,537,216.8,320.2,40.5,280.4,1699.1,"NO","Woodland",3,3,"Carnivore","Vertivore","Aerial",12695589.93,"Short-toed Snake-Eagle"
"5","Circus aeruginosus","Accipitridae","Accipitriformes",37.3,20.2,11.9,16.2,79.3,405.7,185.3,221.2,45.6,233.9,704.1,"NO","Wetland",3,2,"Carnivore","Vertivore","Aerial",13390803.81,"Eurasian Marsh-Harrier"
"6","Circus macrourus","Accipitridae","Accipitriformes",29.5,15,9.7,12.7,68,351.2,185,168.4,52.4,226.6,384.4,"NO","Grassland",3,3,"Carnivore","Vertivore","Aerial",6168290.72,"Pallid Harrier"
"7","Clanga clanga","Accipitridae","Accipitriformes",50.2,31.2,15.6,23.2,96.8,510.6,192.2,314.8,37.9,261.4,2154.3,"NO","Wetland",3,3,"Carnivore","Vertivore","Generalist",8980278.98,"Greater Spotted Eagle"
"8","Elanus caeruleus","Accipitridae","Accipitriformes",30.9,16,9.2,11.3,32.1,286.3,132.1,160.2,45.2,127.7,259.8,"NO","Grassland",3,2,"Carnivore","Vertivore","Aerial",26685941.8,"Black-winged Kite"
"9","Hieraaetus pennatus","Accipitridae","Accipitriformes",33.8,19.1,10.1,17,65.3,361.8,151.3,209.1,42,198,823.8,"NO","Forest",1,3,"Carnivore","Vertivore","Generalist",6138248.03,"Booted Eagle"
"10","Milvus migrans","Accipitridae","Accipitriformes",40,22.4,13,17.4,51.4,457.4,219.9,237.5,48.1,269.5,734.1,"NO","Woodland",3,3,"Omnivore","Omnivore","Aerial",59168603.49,"Black Kite"
"11","Nisaetus cirrhatus","Accipitridae","Accipitriformes",49.9,25.8,12.6,21.7,97.7,414.6,115.8,298.5,27.9,289.8,1475.1,"NO","Forest",1,1,"Carnivore","Vertivore","Insessorial",4408300.11,"Changeable Hawk-Eagle"
"12","Spilornis cheela","Accipitridae","Accipitriformes",45.6,30.1,14.4,20.8,82.2,373.7,112.6,261.1,30.1,237.4,597.7,"NO","Forest",1,1,"Carnivore","Vertivore","Insessorial",6837152.16,"Crested Serpent-Eagle"
"13","Pandion haliaetus","Pandionidae","Accipitriformes",47,27.7,17.3,19.6,49.8,468.4,204.8,253,44.9,201.3,1483.2,"NO","Marine",3,3,"Carnivore","Aquatic predator","Aerial",31298390.01,"Osprey"
"14","Anas acuta","Anatidae","Anseriformes",48.1,31.9,14.5,14.8,36.9,256.7,148.4,107.8,57.8,124.7,944.6,"NO","Wetland",3,3,"Herbivore","Herbivore aquatic","Aquatic",28403500.77,"Northern Pintail"
"15","Anas poecilorhyncha","Anatidae","Anseriformes",61.9,40.9,21.1,15.6,43.5,272,128,146.5,46.6,99.6,1000,"NO","Wetland",3,2,"Herbivore","Herbivore aquatic","Aquatic",5228716.82,"Indian Spot-billed Duck"
"16","Aythya fuligula","Anatidae","Anseriformes",43.9,27.6,19.5,13.2,31.3,196.9,99,98.6,50.1,53.4,701.2,"NO","Wetland",3,2,"Omnivore","Herbivore aquatic","Aquatic",20377977.97,"Tufted Duck"
"17","Mareca penelope","Anatidae","Anseriformes",38.5,26.5,15.5,12.4,35.5,250.6,143,107.2,57.2,89.7,770,"NO","Wetland",3,3,"Herbivore","Omnivore","Terrestrial",16342850.08,"Eurasian Wigeon"
"18","Nettapus coromandelianus","Anatidae","Anseriformes",26.6,16.7,11.1,10.2,23.6,158.5,69.2,88.3,43.9,64.5,391.3,"NO","Wetland",3,1,"Herbivore","Herbivore aquatic","Aquatic",9230293.27,"Cotton Pygmy-Goose"
"19","Spatula clypeata","Anatidae","Anseriformes",68.8,47.9,18.6,18.7,33.8,226.4,130.2,94.2,58,75.1,612.6,"NO","Wetland",3,3,"Omnivore","Aquatic predator","Aquatic",27068888.24,"Northern Shoveler"
"20","Spatula querquedula","Anatidae","Anseriformes",39.2,30,13.8,12.5,26,188.2,105.6,82.2,56.1,64.2,325.6,"NO","Wetland",3,3,"Omnivore","Herbivore aquatic","Aquatic",16861397.11,"Garganey"
"21","Tadorna ferruginea","Anatidae","Anseriformes",47,29.2,18.6,14.4,54.5,355.5,169.5,180,48.5,124.7,1235,"NO","Wetland",3,2,"Omnivore","Omnivore","Terrestrial",18403211.28,"Ruddy Shelduck"
"22","Upupa epops","Upupidae","Bucerotiformes",55.8,46.9,5.5,6.3,21.1,142.3,30.5,111.5,21.4,96.9,66.9,"NO","Grassland",3,3,"Carnivore","Invertivore","Terrestrial",46881685.44,"Eurasian Hoopoe"
"23","Cypsiurus balasiensis","Apodidae","Caprimulgiformes",6.5,2.5,3.5,2.1,9.1,114.7,78.1,36.3,68.3,59.9,9.1,"NO","Human Modified",1,1,"Carnivore","Invertivore","Aerial",6838834.25,"Asian Palm-Swift"
"24","Burhinus indicus","Burhinidae","Charadriiformes",41.5,20.9,8,9.3,73.2,204.2,95.3,109,46.7,98.2,307,"NO","Grassland",3,3,"Carnivore","Invertivore","Terrestrial",3912246.9,"Indian Thick-knee"
"25","Charadrius alexandrinus","Charadriidae","Charadriiformes",16.3,10.8,3.1,3.1,26.5,106.2,59.2,48.5,55,44.2,42.3,"NO","Coastal",3,2,"Carnivore","Aquatic predator","Terrestrial",13539453.43,"Kentish Plover"
"26","Charadrius dubius","Charadriidae","Charadriiformes",16.1,9.3,2.6,3.1,23.2,114.8,57.2,55,51,55.6,38.7,"NO","Wetland",3,3,"Carnivore","Aquatic predator","Terrestrial",33641119.87,"Little Ringed Plover"
"27","Charadrius mongolus","Charadriidae","Charadriiformes",18,11.4,4,4.2,29.8,128.8,75.8,53.8,58.5,52.8,64,"NO","Wetland",3,3,"Carnivore","Aquatic predator","Terrestrial",4714238.7,"Lesser Sand-Plover"
"28","Pluvialis fulva","Charadriidae","Charadriiformes",25.2,15.2,4.2,5.2,40.2,159,94.8,65,59.3,58.4,134.9,"NO","Grassland",3,3,"Carnivore","Omnivore","Terrestrial",2241495.9,"Pacific Golden-Plover"
"29","Vanellus indicus","Charadriidae","Charadriiformes",34.7,19.1,5.3,5.4,74.2,208.8,90.6,119,43.2,104,181,"NO","Wetland",3,1,"Carnivore","Invertivore","Terrestrial",7325570.07,"Red-wattled Lapwing"
"30","Vanellus malabaricus","Charadriidae","Charadriiformes",27.2,14.7,4.7,4.9,59.5,192.4,92,100,47.9,74.8,140,"NO","Grassland",3,1,"Carnivore","Invertivore","Terrestrial",1885987.77,"Yellow-wattled Lapwing"
"31","Glareola lactea","Glareolidae","Charadriiformes",13.1,6.7,4.2,4.4,21,146.6,89.5,56.2,61.4,51.4,39.8,"NO","Riverine",3,2,"Carnivore","Invertivore","Aerial",3735669.19,"Small Pratincole"
"32","Hydrophasianus chirurgus","Jacanidae","Charadriiformes",32.8,17.1,4.2,5.5,52.9,194.4,78.8,114,40.9,69.5,160,"NO","Wetland",3,2,"Omnivore","Aquatic predator","Terrestrial",6414861.88,"Pheasant-tailed Jacana"
"33","Metopidius indicus","Jacanidae","Charadriiformes",34.3,18.6,4.6,7.7,67.8,161.4,52.5,112,32,47,155,"NO","Wetland",3,1,"Herbivore","Omnivore","Terrestrial",2649332.71,"Bronze-winged Jacana"
"34","Chlidonias hybrida","Laridae","Charadriiformes",35,20.1,4.3,7.5,23,231.8,144.5,82.8,63.6,85.8,83.7,"NO","Wetland",3,3,"Carnivore","Aquatic predator","Aerial",10089513.85,"Whiskered Tern"
"35","Gelochelidon nilotica","Laridae","Charadriiformes",42.1,27,6.2,10.8,31.5,308.1,213.6,105.1,67,123.5,218.3,"NO","Coastal",3,3,"Carnivore","Omnivore","Aerial",7524091.88,"Gull-billed Tern"
"36","Larus fuscus","Laridae","Charadriiformes",62.3,23,7.9,15.8,61.5,412.2,235.5,174.5,57.4,147,762.4,"NO","Coastal",3,2,"Carnivore","Aquatic predator","Generalist",4200335.24,"Lesser Black-backed Gull"
"37","Sterna aurantia","Laridae","Charadriiformes",43.5,28,5.6,10.4,20.3,262.2,166.8,97.8,63,168.2,209,"YES","Riverine",3,2,"Carnivore","Aquatic predator","Aerial",5428999.73,"River Tern"
"38","Sterna hirundo","Laridae","Charadriiformes",44.5,24.2,3.8,7,19.5,253.3,170.6,82.6,67.3,129.8,129.2,"NO","Marine",3,3,"Carnivore","Aquatic predator","Aerial",30248469.5,"Common Tern"
"39","Sternula albifrons","Laridae","Charadriiformes",33.5,22.9,3.2,5.8,15.4,169.6,117,50.5,69.8,80,57,"NO","Coastal",3,3,"Carnivore","Aquatic predator","Aerial",11965931.09,"Little Tern"
"40","Himantopus himantopus","Recurvirostridae","Charadriiformes",65.7,49.1,4.5,4.7,110.8,223.8,117.2,107.1,52.2,74,176.8,"NO","Wetland",3,2,"Carnivore","Aquatic predator","Terrestrial",56867877.55,"Black-winged Stilt"
"41","Recurvirostra avosetta","Recurvirostridae","Charadriiformes",83.7,69.8,6.4,4.7,86.9,217.9,107.8,109.2,49.7,79.4,304,"NO","Wetland",3,2,"Carnivore","Aquatic predator","Terrestrial",17136961.53,"Pied Avocet"
"42","Rostratula benghalensis","Rostratulidae","Charadriiformes",52,39.8,4.3,6.7,44.4,127.6,38.5,83.5,31.6,42,121,"NO","Wetland",1,2,"Omnivore","Aquatic predator","Terrestrial",24950994.82,"Greater Painted-Snipe"
"43","Actitis hypoleucos","Scolopacidae","Charadriiformes",30.1,19.9,3.1,4,22.4,109.9,51.1,55.4,48,57.4,48,"NO","Wetland",3,3,"Carnivore","Aquatic predator","Terrestrial",25847437.41,"Common Sandpiper"
"44","Calidris minuta","Scolopacidae","Charadriiformes",20.4,14.8,2.5,3.3,21.5,93.2,46.7,45.6,50.6,35.6,21.1,"NO","Grassland",3,3,"Carnivore","Aquatic predator","Terrestrial",1734619.92,"Little Stint"
"45","Calidris pugnax","Scolopacidae","Charadriiformes",37.6,26.7,3.8,5.1,42.9,163.7,85.3,81.9,51,60,131.7,"NO","Wetland",3,3,"Carnivore","Aquatic predator","Terrestrial",8562266.88,"Ruff"
"46","Gallinago gallinago","Scolopacidae","Charadriiformes",69.7,56.9,4.6,6,30,127.9,56.6,71.3,44.3,54,112.9,"NO","Wetland",3,3,"Carnivore","Aquatic predator","Terrestrial",20105909.91,"Common Snipe"
"47","Limosa limosa","Scolopacidae","Charadriiformes",113.5,95.6,6,10,78,215.6,110.2,103.6,51.5,78,288.4,"NO","Wetland",3,3,"Carnivore","Aquatic predator","Terrestrial",10058061.19,"Black-tailed Godwit"
"48","Numenius arquata","Scolopacidae","Charadriiformes",145.8,122.5,8.9,9.7,82.7,292.2,155.9,137.2,53.2,111.3,803,"NO","Grassland",3,3,"Carnivore","Aquatic predator","Terrestrial",12491410.25,"Eurasian Curlew"
"49","Tringa erythropus","Scolopacidae","Charadriiformes",63,50.4,4.1,5.7,57.2,163.4,83,80.5,50.8,63.4,158,"NO","Grassland",3,3,"Carnivore","Aquatic predator","Terrestrial",3716042.92,"Spotted Redshank"
"50","Tringa glareola","Scolopacidae","Charadriiformes",32.5,24.3,2.9,3.9,35.1,124,60.2,64.3,48.4,49.2,62.1,"NO","Wetland",3,3,"Carnivore","Aquatic predator","Terrestrial",16979550.25,"Wood Sandpiper"
"51","Tringa nebularia","Scolopacidae","Charadriiformes",63.6,42.9,4.1,6,58,185.4,96.9,88.8,52.1,74.8,187,"NO","Wetland",3,3,"Carnivore","Aquatic predator","Terrestrial",12134126.53,"Common Greenshank"
"52","Tringa ochropus","Scolopacidae","Charadriiformes",37.4,27.6,2.7,4.1,32.9,137.8,63.2,74.8,45.8,59.5,71.4,"NO","Wetland",3,3,"Carnivore","Aquatic predator","Terrestrial",15230538.62,"Green Sandpiper"
"53","Tringa totanus","Scolopacidae","Charadriiformes",45.1,31.1,3.4,4.9,47.3,156.9,74.1,82.8,47.2,64.1,129,"NO","Wetland",3,3,"Carnivore","Aquatic predator","Terrestrial",19709237.23,"Common Redshank"
"54","Turnix suscitator","Turnicidae","Charadriiformes",15.8,8.2,3.1,4.9,24.6,82.8,16.6,63.4,20.8,25.1,49.1,"NO","Grassland",3,1,"Herbivore","Omnivore","Terrestrial",5511938.06,"Barred Buttonquail"
"55","Anastomus oscitans","Ciconiidae","Ciconiiformes",156.7,129,21.5,37.7,137.7,397,160.5,238.8,40.2,162.4,1590,"NO","Wetland",3,2,"Carnivore","Aquatic predator","Terrestrial",2119789.43,"Asian Openbill"
"56","Ciconia nigra","Ciconiidae","Ciconiiformes",184.5,145.7,16.6,27.4,192.6,529.5,228.3,300.2,43.1,235.6,2926,"NO","Woodland",2,3,"Carnivore","Aquatic predator","Terrestrial",18362407.3,"Black Stork"
"57","Mycteria leucocephala","Ciconiidae","Ciconiiformes",254.2,238,37.5,46,222.2,474.2,200.8,288.2,41.1,183.5,3180,"NO","Wetland",3,2,"Carnivore","Aquatic predator","Terrestrial",1543399.32,"Painted Stork"
"58","Chalcophaps indica","Columbidae","Columbiformes",20.9,11.3,3.1,4.2,25.8,143.9,40,100.1,28.7,83.9,136.5,"NO","Forest",1,1,"Herbivore","Omnivore","Generalist",4704607.55,"Asian Emerald Dove"
"59","Columba livia","Columbidae","Columbiformes",23.2,12.1,4.3,5,26.5,219.6,98.8,120.4,45.1,105.5,354.2,"NO","Human Modified",3,1,"Herbivore","Granivore","Terrestrial",17464191.46,"Rock Pigeon"
"60","Streptopelia decaocto","Columbidae","Columbiformes",20.9,9.6,3.9,3.9,20.8,173.7,60.9,111.5,35.4,134.2,149,"NO","Human Modified",3,1,"Herbivore","Omnivore","Terrestrial",19265912.02,"Eurasian Collared-Dove"
"61","Alcedo atthis","Alcedinidae","Coraciiformes",42.2,32.5,5.7,7.4,9.9,73.3,19.3,52.6,26.9,32.3,31.1,"NO","Riverine",2,1,"Carnivore","Aquatic predator","Insessorial",24992154.31,"Common Kingfisher"
"62","Ceryle rudis","Alcedinidae","Coraciiformes",64.2,50.6,9.1,11.6,11,136.2,47.5,90,34.5,75.7,84.4,"NO","Wetland",3,1,"Carnivore","Aquatic predator","Insessorial",23875911.23,"Pied Kingfisher"
"63","Halcyon smyrnensis","Alcedinidae","Coraciiformes",59.8,48.4,13.7,14.3,15,113.2,24.5,88.7,21.7,78.3,91.4,"NO","Human Modified",2,2,"Carnivore","Omnivore","Insessorial",6823580.46,"White-throated Kingfisher"
"64","Pelargopsis capensis","Alcedinidae","Coraciiformes",84.9,68.2,17.2,21.7,15.8,146.7,29.6,117.7,20.1,94.2,178.7,"NO","Riverine",2,2,"Carnivore","Aquatic predator","Insessorial",5091973.15,"Stork-billed Kingfisher"
"65","Coracias benghalensis","Coraciidae","Coraciiformes",41.4,28.5,10.1,14.2,24.5,180.1,52.1,127.9,29,121.9,157.5,"NO","Human Modified",2,2,"Carnivore","Omnivore","Insessorial",3925127.24,"Indian Roller"
"66","Merops orientalis","Meropidae","Coraciiformes",29.4,21.3,5.4,4.8,11.3,91.2,32.2,59,35.4,69.8,14.8,"NO","Shrubland",2,1,"Carnivore","Invertivore","Insessorial",5717891,"Green Bee-eater"
"67","Merops philippinus","Meropidae","Coraciiformes",42.1,33.8,7,7.4,13,129.5,26.6,104.2,20.3,106,34,"NO","Wetland",2,3,"Carnivore","Invertivore","Insessorial",4254463.63,"Blue-tailed Bee-eater"
"68","Centropus sinensis","Cuculidae","Cuculiformes",46.6,29.3,9.9,16.3,55.6,212.4,30.9,181.9,14.6,260.9,280.7,"NO","Woodland",2,1,"Carnivore","Vertivore","Terrestrial",7931391.58,"Greater Coucal"
"69","Clamator jacobinus","Cuculidae","Cuculiformes",24.7,15.6,6.8,7.9,28.7,145.2,50.6,92.9,35.2,160.8,79.4,"NO","Grassland",2,3,"Carnivore","Invertivore","Insessorial",16118043.62,"Pied Cuckoo"
"70","Cuculus canorus","Cuculidae","Cuculiformes",26,15.4,7.6,7.6,21.4,192,84.6,105.9,43.9,158.1,111.4,"NO","Forest",2,3,"Carnivore","Invertivore","Insessorial",37338142.79,"Common Cuckoo"
"71","Eudynamys scolopaceus","Cuculidae","Cuculiformes",32.1,20.4,10.3,10.6,31,196.4,62.4,136.4,31.4,179.7,194.9,"NO","Woodland",2,2,"Herbivore","Frugivore","Insessorial",9692360.68,"Asian Koel"
"72","Hierococcyx varius","Cuculidae","Cuculiformes",26.1,14.9,7.7,7.6,23.5,191,66.8,124,35,161.4,103,"NO","Woodland",2,1,"Carnivore","Invertivore","Insessorial",3245384.68,"Common Hawk-Cuckoo"
"73","Falco peregrinus","Falconidae","Falconiformes",31.1,18.4,13.7,15.4,45.1,314.7,165,152.6,52.2,143,760,"NO","Grassland",3,2,"Carnivore","Vertivore","Aerial",38088662.45,"Peregrine Falcon"
"74","Falco tinnunculus","Falconidae","Falconiformes",20.8,14.1,10.6,11.5,39.1,241,123.2,118.4,51,154.5,183.2,"NO","Shrubland",3,3,"Carnivore","Vertivore","Aerial",49037026.09,"Eurasian Kestrel"
"75","Pavo cristatus","Phasianidae","Galliformes",49.1,22.8,13,12.2,130,445.2,124.4,311.1,28.7,403.2,4154.8,"NO","Forest",2,1,"Omnivore","Omnivore","Terrestrial",2837970.09,"Indian Peafowl"
"76","Grus grus","Gruidae","Gruiformes",108.1,58.1,10.7,16.8,234.4,540.6,225.5,300.2,43,193.4,5500,"NO","Wetland",3,3,"Herbivore","Omnivore","Terrestrial",15456101.32,"Common Crane"
"77","Amaurornis phoenicurus","Rallidae","Gruiformes",37.1,18.6,4.4,8.8,50.8,147,33.7,111.5,23.2,57.6,180,"NO","Wetland",2,1,"Carnivore","Aquatic predator","Terrestrial",9839893.66,"White-breasted Waterhen"
"78","Fulica atra","Rallidae","Gruiformes",37.7,16.5,5.6,10.5,57,198.2,78.6,120,39.6,53.9,717.1,"NO","Wetland",3,1,"Herbivore","Herbivore aquatic","Generalist",33490842.86,"Eurasian Coot"
"79","Gallinula chloropus","Rallidae","Gruiformes",33.9,13.2,4.3,8.1,45.9,165.5,53,110.5,32.2,69,339.6,"NO","Wetland",3,1,"Omnivore","Omnivore","Terrestrial",38515141.7,"Eurasian Moorhen"
"80","Acrocephalus dumetorum","Acrocephalidae","Passeriformes",16.4,9.2,3.6,3.1,22.3,62.1,12.7,49.6,20.4,53.1,11.2,"NO","Wetland",2,3,"Carnivore","Invertivore","Insessorial",5747941.28,"Blyth's Reed Warbler"
"81","Acrocephalus stentoreus","Acrocephalidae","Passeriformes",24.6,14.7,4.4,4.6,27.3,80.1,18.2,62.1,22.6,74.5,24.2,"NO","Wetland",3,2,"Carnivore","Invertivore","Insessorial",4179062.95,"Clamorous Reed Warbler"
"82","Aegithina tiphia","Aegithinidae","Passeriformes",17,10.8,4.3,4.5,19.7,61.6,6.2,55.2,10,47.8,12,"NO","Forest",1,1,"Carnivore","Invertivore","Insessorial",6356008.52,"Common Iora"
"83","Alauda gulgula","Alaudidae","Passeriformes",14.8,9.7,4.3,4.6,23.3,86.4,23.7,62.6,27.5,52.2,26.3,"NO","Grassland",3,2,"Omnivore","Omnivore","Terrestrial",11895680.09,"Oriental Skylark"
"84","Lalage melanoptera","Campephagidae","Passeriformes",19.3,10.8,5.7,5.1,20.8,100.2,27.1,73.1,27,72.5,29.4,"NO","Forest",2,1,"Carnivore","Invertivore","Insessorial",993885.08,"Black-headed Cuckooshrike"
"85","Pericrocotus cinnamomeus","Campephagidae","Passeriformes",13,7,4,3.5,15.3,67.2,17.4,49.7,25.9,68.3,8.6,"NO","Shrubland",2,2,"Carnivore","Invertivore","Insessorial",4793425.28,"Small Minivet"
"86","Chloropsis aurifrons","Chloropseidae","Passeriformes",23.7,14.9,4,5,19.8,94.4,18.7,75,20,69.8,32.3,"NO","Forest",1,1,"Omnivore","Omnivore","Insessorial",3471632.85,"Golden-fronted Leafbird"
"87","Cisticola juncidis","Cisticolidae","Passeriformes",12.1,6.8,2.3,2.6,17.7,48.9,6.7,42.8,13.5,40.3,6.8,"NO","Grassland",3,3,"Carnivore","Invertivore","Generalist",18929166.75,"Zitting Cisticola"
"88","Orthotomus sutorius","Cisticolidae","Passeriformes",15.5,8.9,2.7,2.6,19.3,45.5,4.8,40.8,10.4,47.7,7.5,"NO","Shrubland",2,1,"Carnivore","Invertivore","Insessorial",6849946.15,"Common Tailorbird"
"89","Prinia hodgsonii","Cisticolidae","Passeriformes",11.9,6.2,2.2,2.3,18.1,45.5,4.8,40.5,10.7,46.6,6.4,"NO","Shrubland",2,1,"Carnivore","Invertivore","Insessorial",4680228.23,"Gray-breasted Prinia"
"90","Prinia inornata","Cisticolidae","Passeriformes",12.2,6.7,2.3,2.6,18.1,50.4,7.2,43.4,14.2,70.8,7,"NO","Shrubland",2,1,"Carnivore","Invertivore","Generalist",7403210.36,"Plain Prinia"
"91","Corvus macrorhynchos","Corvidae","Passeriformes",62,42.3,17.4,21.9,57,318.6,111.2,207.6,34.8,182.9,513.1,"NO","Woodland",2,1,"Omnivore","Omnivore","Generalist",13313192.58,"Large-billed Crow"
"92","Corvus splendens","Corvidae","Passeriformes",49.7,31.5,13.9,16.7,45.9,258.2,93.8,163.9,36.3,151.9,292.6,"NO","Human Modified",3,1,"Omnivore","Omnivore","Terrestrial",4469957.42,"House Crow"
"93","Dendrocitta vagabunda","Corvidae","Passeriformes",33.4,21.3,10.6,14,34.2,155,22.4,127.2,15,257.3,100,"NO","Woodland",2,1,"Carnivore","Omnivore","Terrestrial",4361512.68,"Rufous Treepie"
"94","Dicaeum agile","Dicaeidae","Passeriformes",10.5,6.3,3.7,4.3,14.6,61.6,15.5,46.3,25.1,31.1,9,"NO","Forest",2,1,"Herbivore","Frugivore","Insessorial",4429303.46,"Thick-billed Flowerpecker"
"95","Dicaeum erythrorhynchos","Dicaeidae","Passeriformes",11.4,7.4,2.5,2.9,12.1,48.4,10.2,38.3,21,23.2,6.3,"NO","Forest",2,1,"Herbivore","Frugivore","Insessorial",2149808.71,"Pale-billed Flowerpecker"
"96","Dicrurus leucophaeus","Dicruridae","Passeriformes",25.4,16.7,9.3,8.4,18.6,134.8,42.4,91.8,31.5,134.7,37.6,"NO","Forest",1,1,"Carnivore","Invertivore","Insessorial",6692531.66,"Ashy Drongo"
"97","Dicrurus macrocercus","Dicruridae","Passeriformes",25.4,15.4,8.4,8.4,22.2,141,39.2,101.2,27.8,145.6,48.3,"NO","Shrubland",2,1,"Carnivore","Invertivore","Insessorial",9351037.98,"Black Drongo"
"98","Amandava amandava","Estrildidae","Passeriformes",9.5,6.2,4.1,5.2,12.8,47.4,6.3,40.6,13.5,39.8,9,"NO","Shrubland",2,1,"Herbivore","Granivore","Generalist",3578715.84,"Red Avadavat"
"99","Euodice malabarica","Estrildidae","Passeriformes",10.3,8.2,6.4,7,13.5,54.3,12.6,41.6,23.2,52.4,12,"NO","Grassland",3,1,"Herbivore","Granivore","Terrestrial",3311814.33,"Indian Silverbill"
"100","Lonchura malacca","Estrildidae","Passeriformes",12.2,8.3,7,8.1,17.1,54.7,13.6,42,24.4,37.8,12.6,"NO","Wetland",3,1,"Herbivore","Granivore","Insessorial",573511.14,"Tricolored Munia"
"101","Lonchura punctulata","Estrildidae","Passeriformes",11.8,8.8,6.7,7.5,14,52.6,11.9,42.4,22,39,13.6,"NO","Grassland",2,1,"Herbivore","Granivore","Generalist",7189322.58,"Scaly-breasted Munia"
"102","Carpodacus erythrinus","Fringillidae","Passeriformes",12,8,6.8,7.9,16.4,80.2,24.7,55.8,30.8,58.6,24,"NO","Shrubland",2,3,"Herbivore","Granivore","Insessorial",23264611.24,"Common Rosefinch"
"103","Cecropis daurica","Hirundinidae","Passeriformes",11.3,5.4,3.8,3,14.3,122.2,65,57.2,53.2,96.1,22.2,"NO","Grassland",3,3,"Carnivore","Invertivore","Aerial",18735899.27,"Red-rumped Swallow"
"104","Hirundo rustica","Hirundinidae","Passeriformes",12.4,6,4.5,2.7,11.7,115.8,62.3,56,52.6,71.4,17.9,"NO","Human Modified",3,3,"Carnivore","Invertivore","Aerial",51701054.06,"Barn Swallow"
"105","Hirundo smithii","Hirundinidae","Passeriformes",11.5,5.2,3.3,2.3,9.8,110.7,64.8,46,58.4,83.2,12.4,"NO","Shrubland",3,2,"Carnivore","Invertivore","Aerial",15137552.43,"Wire-tailed Swallow"
"106","Ptyonoprogne concolor","Hirundinidae","Passeriformes",9.5,4.6,3,2.4,9.9,107.1,59.4,47.8,55.4,48.9,13,"NO","Rock",3,2,"Carnivore","Invertivore","Aerial",2727893.22,"Dusky Crag-Martin"
"107","Riparia riparia","Hirundinidae","Passeriformes",9.4,5,3.7,2.5,10.5,101.8,54,47.9,53,47.2,12.7,"NO","Riverine",3,3,"Carnivore","Invertivore","Aerial",36583654.61,"Bank Swallow"
"108","Lanius cristatus","Laniidae","Passeriformes",19.3,11.6,6.2,7.9,23.8,85,22.5,62.2,26.6,79.9,32.2,"NO","Shrubland",3,3,"Carnivore","Invertivore","Insessorial",14145065.02,"Brown Shrike"
"109","Lanius schach","Laniidae","Passeriformes",21.8,13.2,6.8,9.2,29.2,92.4,18.6,73.2,20.3,123.3,51.5,"NO","Shrubland",2,2,"Carnivore","Invertivore","Insessorial",11170512.1,"Long-tailed Shrike"
"110","Terpsiphone paradisi","Monarchidae","Passeriformes",24.9,14,7.8,5.9,18,95,18.3,73,20.1,110.2,19.2,"YES","Woodland",2,2,"Carnivore","Invertivore","Insessorial",3076941.41,"Indian Paradise-Flycatcher"
"111","Anthus richardi","Motacillidae","Passeriformes",18,11.3,4,4.3,29.2,92,26.6,64.3,29.3,71.6,32.2,"NO","Grassland",3,3,"Carnivore","Invertivore","Terrestrial",13319039.29,"Richard's Pipit"
"112","Anthus rufulus","Motacillidae","Passeriformes",15,8.6,3.3,3.5,25.1,77.4,16.7,60.5,21.6,56.4,20.4,"NO","Grassland",3,1,"Carnivore","Invertivore","Terrestrial",7678484.07,"Paddyfield Pipit"
"113","Motacilla alba","Motacillidae","Passeriformes",16.1,9.7,3.4,3.5,23.4,87,27.4,59.7,31.4,86.8,23.9,"NO","Human Modified",3,3,"Carnivore","Invertivore","Terrestrial",39488711.64,"White Wagtail"
"114","Motacilla cinerea","Motacillidae","Passeriformes",17.4,10.8,3.1,3,18.2,82.8,28.6,54,34.6,94.4,17.2,"NO","Riverine",3,2,"Carnivore","Invertivore","Terrestrial",19613139.17,"Gray Wagtail"
"115","Motacilla citreola","Motacillidae","Passeriformes",16.2,9.6,3.2,3.5,25.3,85.5,24.2,61.7,28.2,82.8,19.1,"NO","Wetland",3,3,"Carnivore","Aquatic predator","Terrestrial",16401945.75,"Citrine Wagtail"
"116","Motacilla flava","Motacillidae","Passeriformes",16,9.6,3.2,3.5,23.1,79.5,24.7,54.5,31.1,70.6,17.7,"NO","Grassland",3,3,"Carnivore","Invertivore","Terrestrial",19198163.05,"Western Yellow Wagtail"
"117","Motacilla maderaspatensis","Motacillidae","Passeriformes",18.8,11.8,3.7,4.1,25.8,97.1,24.8,71.6,25.6,105.4,30.5,"NO","Riverine",3,1,"Carnivore","Invertivore","Terrestrial",2810164.27,"White-browed Wagtail"
"118","Copsychus saularis","Muscicapidae","Passeriformes",23.2,15,5.4,5.8,29.5,97.5,18.7,79.2,19.1,84,36,"NO","Woodland",1,1,"Carnivore","Invertivore","Terrestrial",9009660.2,"Oriental Magpie-Robin"
"119","Eumyias thalassinus","Muscicapidae","Passeriformes",12,7.6,5,3.3,13.8,76.2,15.7,59.5,20.9,61,18.1,"NO","Forest",1,1,"Carnivore","Invertivore","Insessorial",4490414.63,"Verditer Flycatcher"
"120","Monticola solitarius","Muscicapidae","Passeriformes",28.1,15.7,5.3,6,28.3,121.1,35.8,85.4,29.5,84.6,53.7,"NO","Rock",3,2,"Carnivore","Omnivore","Insessorial",9788977.12,"Blue Rock-Thrush"
"121","Muscicapa dauurica","Muscicapidae","Passeriformes",13.1,8,4.6,3.5,13.7,68.2,20.3,48.9,29.4,46.8,9.8,"NO","Woodland",1,3,"Carnivore","Invertivore","Insessorial",6794474.03,"Asian Brown Flycatcher"
"122","Saxicola caprata","Muscicapidae","Passeriformes",14.9,7.7,3.6,3.8,20.9,70.1,10.7,59.7,15.1,51.5,15.2,"NO","Shrubland",2,3,"Carnivore","Invertivore","Insessorial",9769943,"Pied Bushchat"
"123","Cinnyris asiaticus","Nectariniidae","Passeriformes",20.3,15,3.7,3.2,14.6,55,11.3,43.7,20.6,35.1,8.1,"NO","Shrubland",2,1,"Omnivore","Omnivore","Insessorial",5816862.3,"Purple Sunbird"
"124","Oriolus xanthornus","Oriolidae","Passeriformes",29.6,19.8,8,7.8,24.3,133.6,36.4,96.6,27.4,82.6,56.3,"NO","Forest",2,1,"Herbivore","Frugivore","Insessorial",4313543.23,"Black-hooded Oriole"
"125","Passer domesticus","Passeridae","Passeriformes",13.5,9.1,6.3,7.4,17.9,74.9,20.4,54.4,27.3,57.2,26.5,"NO","Human Modified",3,1,"Herbivore","Granivore","Terrestrial",34407867.59,"House Sparrow"
"126","Pellorneum ruficeps","Pellorneidae","Passeriformes",17.2,9.7,3.1,4.2,25.8,69,6.2,65.1,8.6,66.4,26,"NO","Shrubland",2,1,"Carnivore","Invertivore","Terrestrial",2044549.11,"Puff-throated Babbler"
"127","Phylloscopus trochiloides","Phylloscopidae","Passeriformes",11.3,6.4,3,2.6,18.7,61.3,12.2,49,19.9,48.4,8.1,"NO","Forest",1,3,"Carnivore","Invertivore","Insessorial",8430367.15,"Greenish Warbler"
"128","Pitta brachyura","Pittidae","Passeriformes",22.8,13.9,6.5,7.5,36.5,104.8,23.2,81.5,22.1,39.4,55.5,"NO","Forest",1,3,"Carnivore","Invertivore","Terrestrial",1116429.6,"Indian Pitta"
"129","Ploceus manyar","Ploceidae","Passeriformes",16.8,11.8,7.1,9.2,20.1,67.8,14.2,53.5,21,43.5,17.4,"NO","Shrubland",2,1,"Herbivore","Granivore","Insessorial",3752924.49,"Streaked Weaver"
"130","Ploceus philippinus","Ploceidae","Passeriformes",17.9,12.5,7.4,9.4,20.6,70.2,13.1,56.9,18.7,45.9,28.2,"NO","Shrubland",2,1,"Herbivore","Granivore","Insessorial",6341236.33,"Baya Weaver"
"131","Pycnonotus cafer","Pycnonotidae","Passeriformes",19.4,10.5,4.8,5.3,21.3,94.5,15.7,78.8,16.5,86.2,42.9,"NO","Shrubland",2,1,"Herbivore","Omnivore","Insessorial",4173278.58,"Red-vented Bulbul"
"132","Pycnonotus jocosus","Pycnonotidae","Passeriformes",17.5,9.1,4.5,4.8,20.5,86.8,12.4,74.8,14.2,88.1,29.5,"NO","Shrubland",2,1,"Herbivore","Omnivore","Insessorial",5185044.87,"Red-whiskered Bulbul"
"133","Acridotheres fuscus","Sturnidae","Passeriformes",27.2,16.1,6.6,7.3,36.5,123.6,30.7,93.6,24.7,74.9,82.8,"NO","Woodland",2,2,"Omnivore","Omnivore","Insessorial",2411128.95,"Jungle Myna"
"134","Acridotheres tristis","Sturnidae","Passeriformes",26.8,16,6.4,8,38.6,139.8,32.8,106.3,23.6,84.8,116.4,"NO","Human Modified",3,2,"Carnivore","Omnivore","Terrestrial",8561587.67,"Common Myna"
"135","Sturnia malabarica","Sturnidae","Passeriformes",22.4,13.7,5.4,5.3,23.4,100.7,30.5,69.5,30.5,62.9,39.6,"NO","Woodland",2,2,"Herbivore","Omnivore","Insessorial",3374078.72,"Chestnut-tailed Starling"
"136","Sturnia pagodarum","Sturnidae","Passeriformes",19.9,12.3,4.7,5.1,27.1,99.8,27.2,72.6,27.3,62.5,48.9,"NO","Forest",1,1,"Herbivore","Omnivore","Insessorial",3407257.97,"Brahminy Starling"
"137","Chrysomma sinense","Sylviidae","Passeriformes",13.8,8.7,3.7,5.3,25.3,65.1,6.3,58.8,9.6,81.8,17.2,"NO","Shrubland",2,1,"Carnivore","Invertivore","Insessorial",4332183.62,"Yellow-eyed Babbler"
"138","Geokichla citrina","Turdidae","Passeriformes",21.7,13.2,4.7,5.9,31.1,118.2,33.3,79.2,29.6,73.4,53.3,"NO","Forest",1,3,"Omnivore","Omnivore","Generalist",3199105.31,"Orange-headed Thrush"
"139","Tephrodornis pondicerianus","Vangidae","Passeriformes",20.3,12.9,5.7,6.3,18.7,83.2,14.3,68.4,17.3,57.8,20.2,"NO","Forest",2,1,"Carnivore","Invertivore","Insessorial",4411317.05,"Common Woodshrike"
"140","Zosterops palpebrosus","Zosteropidae","Passeriformes",12.7,6.9,2.9,2.8,14.9,51.8,10.7,40.9,20.7,35.3,8.6,"NO","Forest",1,1,"Omnivore","Omnivore","Insessorial",6382482.99,"Indian White-eye"
"141","Ardea alba","Ardeidae","Pelecaniformes",126.3,90.4,12,18.1,141.6,378.8,120.7,257.2,32.1,140.5,871.3,"NO","Wetland",3,2,"Carnivore","Aquatic predator","Terrestrial",74898555.49,"Great Egret"
"142","Ardea cinerea","Ardeidae","Pelecaniformes",138.9,95.5,18.7,25.4,137.9,441,152.7,287.9,34.6,169.1,1443,"NO","Wetland",3,1,"Carnivore","Aquatic predator","Terrestrial",46421646.29,"Gray Heron"
"143","Ardea intermedia","Ardeidae","Pelecaniformes",90.4,61.4,10.5,14.1,104.2,303.4,98.4,202.3,32.7,117.8,458.8,"NO","Wetland",3,2,"Carnivore","Aquatic predator","Terrestrial",5469087.01,"Intermediate Egret"
"144","Ardea purpurea","Ardeidae","Pelecaniformes",125.9,102.5,13.6,19.6,117.5,349.7,118.2,230.8,33.9,113.2,1064.5,"NO","Wetland",3,3,"Carnivore","Aquatic predator","Terrestrial",34922824.77,"Purple Heron"
"145","Ardeola grayii","Ardeidae","Pelecaniformes",72.4,50.1,9.3,12.1,57.3,207.4,59.6,147.8,28.7,74,253,"NO","Wetland",3,2,"Carnivore","Aquatic predator","Terrestrial",3285673.01,"Indian Pond-Heron"
"146","Bubulcus ibis","Ardeidae","Pelecaniformes",63.3,43.5,8.6,11.5,76.8,244.4,73,171.2,29.9,90.9,366,"NO","Human Modified",3,2,"Carnivore","Omnivore","Terrestrial",62451101.72,"Cattle Egret"
"147","Butorides striata","Ardeidae","Pelecaniformes",69.2,51.8,9.1,11.2,49.7,175.9,53.2,125.5,29.8,63.6,201.5,"NO","Wetland",3,1,"Carnivore","Aquatic predator","Terrestrial",53556698.29,"Striated Heron"
"148","Egretta garzetta","Ardeidae","Pelecaniformes",94.6,68,8.9,11.3,98.8,252.5,82.8,167.2,33.1,94.2,312,"NO","Wetland",3,2,"Carnivore","Aquatic predator","Terrestrial",34141787.35,"Little Egret"
"149","Ixobrychus sinensis","Ardeidae","Pelecaniformes",62.4,43.7,6,8.2,42.4,129.4,39.6,88.4,31,40.8,94.3,"NO","Wetland",1,3,"Carnivore","Aquatic predator","Terrestrial",8593201.95,"Yellow Bittern"
"150","Nycticorax nycticorax","Ardeidae","Pelecaniformes",80.5,56.7,12.1,18.6,69.2,285.7,92.7,187.8,33.1,95.8,810,"NO","Wetland",3,3,"Carnivore","Aquatic predator","Terrestrial",50345275.03,"Black-crowned Night-Heron"
"151","Platalea leucorodia","Threskiornithidae","Pelecaniformes",190.3,172.2,26.3,15.2,129,361.6,146,216,40.4,118.4,1868,"NO","Wetland",3,2,"Carnivore","Aquatic predator","Terrestrial",6276598.58,"Eurasian Spoonbill"
"152","Plegadis falcinellus","Threskiornithidae","Pelecaniformes",117.2,102.8,10.4,13.9,86.4,274.8,104.7,165.3,38.9,102.7,626.6,"NO","Wetland",3,2,"Carnivore","Aquatic predator","Terrestrial",23712479.58,"Glossy Ibis"
"153","Pseudibis papillosa","Threskiornithidae","Pelecaniformes",141.8,124.3,14.1,19,71.2,380.6,139.4,241.8,36.5,199.2,823,"NO","Grassland",3,1,"Carnivore","Omnivore","Terrestrial",1181694.91,"Red-naped Ibis"
"154","Threskiornis melanocephalus","Threskiornithidae","Pelecaniformes",158.1,150.6,16.6,24.6,103.6,349.9,128.6,241.7,34.6,148.2,1303,"NO","Wetland",3,1,"Carnivore","Aquatic predator","Terrestrial",1234030.67,"Black-headed Ibis"
"155","Psilopogon haemacephalus","Megalaimidae","Piciformes",18.6,14.8,9.3,9.4,19.2,80.6,19.8,59.3,25.1,36.1,44.5,"NO","Woodland",2,1,"Omnivore","Frugivore","Insessorial",5975609.97,"Coppersmith Barbet"
"156","Dinopium benghalense","Picidae","Piciformes",36.1,26.6,8.4,8.8,25.2,140.9,29.4,112.3,20.7,94.7,100,"NO","Woodland",2,1,"Carnivore","Invertivore","Insessorial",3000600.76,"Black-rumped Flameback"
"157","Jynx torquilla","Picidae","Piciformes",17.3,9.1,3.7,3.9,19.6,87.4,23.6,63.6,27.1,68.2,35,"NO","Woodland",1,3,"Carnivore","Invertivore","Terrestrial",17649135.86,"Eurasian Wryneck"
"158","Tachybaptus ruficollis","Podicipedidae","Podicipediformes",23.9,11.5,4.4,6.7,35.4,100,31.6,66.6,32.2,29.1,169.4,"NO","Wetland",3,1,"Carnivore","Aquatic predator","Aquatic",36639881.74,"Little Grebe"
"159","Athene brama","Strigidae","Strigiformes",19.7,12.4,7.5,11.3,25.6,153,44.5,108.5,29.2,74.2,112,"NO","Human Modified",2,1,"Carnivore","Invertivore","Insessorial",5213398.06,"Spotted Owlet"
"160","Tyto alba","Tytonidae","Strigiformes",32,17.7,8.5,13.1,59.6,280.2,111.5,168.7,39.7,118.3,403.3,"NO","Human Modified",3,1,"Carnivore","Vertivore","Insessorial",63140525.19,"Barn Owl"
"161","Microcarbo niger","Phalacrocoracidae","Suliformes",34.6,25.8,7.2,11.3,36,196.4,65,129.5,33.3,131.4,427,"NO","Wetland",3,2,"Carnivore","Aquatic predator","Aquatic",3849008.88,"Little Cormorant"
"162","Phalacrocorax carbo","Phalacrocoracidae","Suliformes",82.7,57,13.2,18.3,64.2,340.2,124.2,211.7,37.1,148.2,2529,"NO","Wetland",3,2,"Carnivore","Aquatic predator","Aquatic",24540701.98,"Great Cormorant"
